Description,Dims#1,Dims#2,Dims#3,Dims#4,Dims#5,Dims#6,Dims#7,Dims#8,Dims#9,Dims#10
2F CHANNEL,x,x,x,,x,,,,,
3F CHANNEL,x,x,x,,x,,x,,,
4F CHANNEL,x,x,x,,x,,x,,x,
60 INCH HANGER STRAP,,,,,,,,,,
A1,x,x,x,,x,x,,,,
ANGLE,x,x,x,,,,,,,
ANGLE IRON 1-1/2x3/16,,x,,,,,,,,
ANGLE IRON 1-1/4x1/8,,x,,,,,,,,
ANGLE IRON 1x1/8,,x,,,,,,,,
ANGLE IRON 1-1/2x1/8,,x,,,,,,,,
ANGLE IRON 2x1/4,,x,,,,,,,,
ANGLE IRON 2x3/16,,x,,,,,,,,
BEAUTY RING,,x,,,,,,,,
BIRDSCREEN EC,x,x,,,,,,,,
BIRDSCREEN EC2,x,x,,,,,,,,
BT,x,,,,,,,,,
BTR,x,,x,,x,,,,,
BTRV,x,,x,,x,,,,,
BTV,x,,,,,,,,,
C1,x,x,x,,,,,,,
C2ST,x,x,x,,,,,,,
CHINAMAN CAP,x,,,,,,,,,
CLEAT,x,,,,,,,,,
CLEAT SET,x,x,,,,,,,,
CONE FLASHING,,x,x,,,,,,,
CR,x,x,,,,,,,,
CT,x,,,x,,,,,,
CTR,x,x,,,,x,,,,
CX,x,,,x,,x,,,,
CXR,x,x,,,,x,x,,,
D,x,x,x,,,,,,,
D KD,x,x,x,,,,,,,
DF Loose,x,,,,,,,,,
DM 35 LOOSE,x,x,,,,,,,,
DRAIN PAN,x,x,x,,,,,,,
DRAW BAND,x,,,,,,,,,
DS,x,x,x,,,,,,,
DS KD,x,x,x,,,,,,,
DSCC,x,x,x,,x,,,,,
E1,x,x,x,x,x,,,,,
E2,x,x,x,,x,x,x,,,
E2 SQ,x,x,x,,x,x,,,,
E2G,x,,,,,,,,,
E3,x,x,x,x,,x,,,,
E3G,x,,,,,,,,,
E45 1.0,x,,,,,,,,,
E45 1.5,x,,,,,,,,,
E4G,x,,,,,,,,,
E5,x,x,,x,x,,,,,
E5G,x,,,,,,,,,
E6G,x,,,,,,,,,
E7G,x,,,,,,,,,
E90 1.0,x,,,,,,,,,
E90 1.5,x,,,,,,,,,
EC,x,x,,,,,,,,
EC2,x,x,,,,,,,,
ER,x,x,,,,,,,,
FABRICATED HETO,x,,,,,,,,,
FC,x,,,,,,,,,
FLAT STOCK,x,x,,,,,,,,
FX COM,x,x,,,,,,,,
FX COM RND,x,,,,,,,,,
FX RES,x,x,,,,,,,,
FX TDF,x,x,,,,,,,,
GRILL BOX TALL,x,x,x,x,,,,,,
GRILLE BOX,x,x,x,x,,,,,,
HETO 6,x,,,,,,,,,
LT,x,x,,,,,,,,
LTBR,x,x,,,,x,,,,
LTR,x,x,,x,,,,,,
LX,x,x,x,,,,,,,
LXBR,x,x,,,,x,,,,
LXR,x,x,,x,x,,,,,
M90,x,,,,,,,,,
M90V,x,,,,,,,,,
O1,x,x,x,x,,,x,,,
O2,x,x,x,x,x,x,x,,,
O3,x,x,x,x,x,x,x,,,
O4,x,x,x,x,x,x,x,,,
PC,x,,,,,,,,,
PLENUM,x,x,x,,,,,,,
R2,x,x,x,x,x,,,,,
R2 REPLACEMENT,x,x,x,x,x,,,,,
R2-R3,x,x,,,,,,,,
R3,x,x,x,x,x,,,,,
R3 REPLACEMENT,x,x,x,x,x,,,,,
RAD DROP,x,x,x,,,,,,,
S45 10,,,,,,,,,,
S45 11,,,,,,,,,,
S45 12,,,,,,,,,,
S45 4,,,,,,,,,,
S45 5,,,,,,,,,,
S45 6,,,,,,,,,,
S45 7,,,,,,,,,,
S45 8,,,,,,,,,,
S45 9,,,,,,,,,,
S90 10,,,,,,,,,,
S90 11,,,,,,,,,,
S90 12,,,,,,,,,,
S90 4,,,,,,,,,,
S90 5,,,,,,,,,,
S90 6,,,,,,,,,,
S90 7,,,,,,,,,,
S90 8,,,,,,,,,,
S90 9,,,,,,,,,,
SET,x,x,x,,,,,,,
SO2,x,x,x,x,x,,,,,
SO3,x,x,x,x,x,,,,,
SP,x,x,,,,,,,,
SR2,x,x,x,x,,,,,,
SR3,x,x,x,x,,,,,,
SR45,x,,,,,,,,,
SR90,x,,,,,,,,,
ST,x,,,x,,,,,,
STORM COLLAR,,x,,,,,,,,
STR,x,x,,,,x,,,,
STRAIGHT DROP,x,x,x,,,,,,,
STRAIGHT DROP EC,x,x,x,,,,,,,
STRAIGHT DROP R,x,x,x,,,,,,,
STRAIGHT DROP R EC,x,x,x,,,,,,,
SX,x,,,x,,x,,,,
SXR,x,x,,,,x,,x,,
T,x,x,,,,,,,,
T1,x,x,x,x,x,x,x,,,
T3,x,x,x,x,x,x,,,,
TCF,x,x,,,,,,,,
TDF BIRDSCREEN EC,x,x,,,,,,,,
TF,x,x,,,,,,,,
TF-FLAT,x,,,,,,,,,
TLF,x,x,,,,,,,,
TLF-FLAT,x,,,,,,,,,
TR,x,x,,x,,,,,,
TRANS DROP,x,x,x,x,x,,,,,
TRF,x,x,x,x,,,,,,
TSF,x,x,,,,,,,,
TSF-FLAT,x,,,,,,,,,
TSRF,x,x,x,x,,,,,,
TX,x,x,x,,,,,,,
TXR,x,x,,x,x,,,,,
VD 69 CLIP,x,x,,,,,,,,
VD 69 CLIP RND,x,,,,,,,,,
VD QUAD,x,x,,,,,,,,
VD QUAD INSTALLED,x,x,,,,,,,,
VD QUAD RND,x,,,,,,,,,
VD QUAD RND INSTALLED,x,,,,,,,,,
Y,x,,,,,,,,,
Y1,x,x,x,x,x,x,,,,
Y3,x,x,x,x,x,x,,,x,
YG,x,x,x,,,,,,,
YR,x,x,x,,,,,,,
YR2,x,x,x,,,,,,,
ZERO DROP,x,x,x,,,,,,,
SLOT PLENUM,x,x,x,,,,,,,
